https://kinobar.vip/24888-valdo.html,Вальдо,"Фильмы 2021, Боевики, Триллеры, Детектив, Новинки кино",Тим Киркби,2021,28 января 2022
https://kinobar.vip/24705-do-samoy-smerti.html,К югу от рая,"Фильмы 2021, Драмы, Боевики, Триллеры, Ужасы, Детектив, Криминал, Новинки кино",Ахарон Кешалес,2021,28 января 2022
https://kinobar.vip/25728-dyavolik.html,Дьяволик,"Фильмы 2021, Боевики, Триллеры, Детектив, Криминал, Скоро в кино","Антонио Манетти, Марко Манетти",2021,"Вчера, 09:13"
https://kinobar.vip/24033-fbr-4-sezon.html,ФБР 4 сезон 1-12 серия,"Сериалы, Боевики, Триллеры, Детектив, Криминал","Алекс Чаппл, Жан Де Сегонзак, Стивен Серджик",2021,2 февраля 2022
https://kinobar.vip/24265-fbr-samye-razyskivaemye-prestupniki-3-sezon.html,ФБР: Самые разыскиваемые преступники 3 сезон 1-12,"Сериалы, Драмы, Боевики, Триллеры, Детектив, Криминал","Кен Джиротти, Джим МакКэй, Фред Бернер",2021,2 февраля 2022
https://kinobar.vip/25703-belaya-mgla.html,Белая мгла,"Боевики, Триллеры, Детектив, Криминал",Доминик Сена,2009,31 января 2022
https://kinobar.vip/25028-beguschiy-po-lezviyu-chernyy-lotos-1-sezon-12-seriya.html,Бегущий по лезвию: Чёрный лотос 1 сезон 1-12 серия,"Сериалы, Боевики, Мультфильмы, Фантастика, Детектив, Аниме","Синдзи Арамаки, Кэндзи Камияма",2021,30 января 2022
https://kinobar.vip/21649-bumazhnyy-dom-5-sezon-v2.html,Бумажный дом 5 сезон 1-10 серия,"Сериалы, Боевики, Триллеры, Детектив, Криминал","Хесус Кольменар, Алекс Родриго, Кольдо Серра",2021,29 января 2022
https://kinobar.vip/25668-chernoe-solnce-1-sezon-1-12-seriya.html,Чёрное солнце 1 сезон 1-12 серия,"Сериалы, Боевики, Триллеры, Детектив, Азиатские сериалы",Ким Сон-ён,2021,27 января 2022
https://kinobar.vip/24232-morskaya-policiya-specotdel-19-sezon.html,Морская полиция: Спецотдел 19 сезон 1-12 серия,"Сериалы, Драмы, Боевики, Триллеры, Детектив, Криминал","Дэннис Смит, Тони Уормби, Терренс О'Хара",2021,25 января 2022
https://kinobar.vip/24888-valdo.html,Вальдо,"Фильмы 2021, Боевики, Триллеры, Детектив, Новинки кино",Тим Киркби,2021,28 января 2022
https://kinobar.vip/24705-do-samoy-smerti.html,К югу от рая,"Фильмы 2021, Драмы, Боевики, Триллеры, Ужасы, Детектив, Криминал, Новинки кино",Ахарон Кешалес,2021,28 января 2022
https://kinobar.vip/25728-dyavolik.html,Дьяволик,"Фильмы 2021, Боевики, Триллеры, Детектив, Криминал, Скоро в кино","Антонио Манетти, Марко Манетти",2021,3 февраля 2022
https://kinobar.vip/24033-fbr-4-sezon.html,ФБР 4 сезон 1-12 серия,"Сериалы, Боевики, Триллеры, Детектив, Криминал","Алекс Чаппл, Жан Де Сегонзак, Стивен Серджик",2021,2 февраля 2022
https://kinobar.vip/24265-fbr-samye-razyskivaemye-prestupniki-3-sezon.html,ФБР: Самые разыскиваемые преступники 3 сезон 1-12,"Сериалы, Драмы, Боевики, Триллеры, Детектив, Криминал","Кен Джиротти, Джим МакКэй, Фред Бернер",2021,2 февраля 2022
https://kinobar.vip/25703-belaya-mgla.html,Белая мгла,"Боевики, Триллеры, Детектив, Криминал",Доминик Сена,2009,31 января 2022
https://kinobar.vip/25028-beguschiy-po-lezviyu-chernyy-lotos-1-sezon-12-seriya.html,Бегущий по лезвию: Чёрный лотос 1 сезон 1-12 серия,"Сериалы, Боевики, Мультфильмы, Фантастика, Детектив, Аниме","Синдзи Арамаки, Кэндзи Камияма",2021,30 января 2022
https://kinobar.vip/21649-bumazhnyy-dom-5-sezon-v2.html,Бумажный дом 5 сезон 1-10 серия,"Сериалы, Боевики, Триллеры, Детектив, Криминал","Хесус Кольменар, Алекс Родриго, Кольдо Серра",2021,29 января 2022
https://kinobar.vip/25668-chernoe-solnce-1-sezon-1-12-seriya.html,Чёрное солнце 1 сезон 1-12 серия,"Сериалы, Боевики, Триллеры, Детектив, Азиатские сериалы",Ким Сон-ён,2021,27 января 2022
https://kinobar.vip/24888-valdo.html,Вальдо,"Фильмы 2021, Боевики, Триллеры, Детектив, Новинки кино",Тим Киркби,2021,28 января 2022
https://kinobar.vip/24705-do-samoy-smerti.html,К югу от рая,"Фильмы 2021, Драмы, Боевики, Триллеры, Ужасы, Детектив, Криминал, Новинки кино",Ахарон Кешалес,2021,28 января 2022
https://kinobar.vip/25728-dyavolik.html,Дьяволик,"Фильмы 2021, Боевики, Триллеры, Детектив, Криминал, Скоро в кино","Антонио Манетти, Марко Манетти",2021,3 февраля 2022
https://kinobar.vip/24033-fbr-4-sezon.html,ФБР 4 сезон 1-12 серия,"Сериалы, Боевики, Триллеры, Детектив, Криминал","Алекс Чаппл, Жан Де Сегонзак, Стивен Серджик",2021,2 февраля 2022
https://kinobar.vip/24265-fbr-samye-razyskivaemye-prestupniki-3-sezon.html,ФБР: Самые разыскиваемые преступники 3 сезон 1-12,"Сериалы, Драмы, Боевики, Триллеры, Детектив, Криминал","Кен Джиротти, Джим МакКэй, Фред Бернер",2021,2 февраля 2022
https://kinobar.vip/25703-belaya-mgla.html,Белая мгла,"Боевики, Триллеры, Детектив, Криминал",Доминик Сена,2009,31 января 2022
https://kinobar.vip/25028-beguschiy-po-lezviyu-chernyy-lotos-1-sezon-12-seriya.html,Бегущий по лезвию: Чёрный лотос 1 сезон 1-12 серия,"Сериалы, Боевики, Мультфильмы, Фантастика, Детектив, Аниме","Синдзи Арамаки, Кэндзи Камияма",2021,30 января 2022
https://kinobar.vip/21649-bumazhnyy-dom-5-sezon-v2.html,Бумажный дом 5 сезон 1-10 серия,"Сериалы, Боевики, Триллеры, Детектив, Криминал","Хесус Кольменар, Алекс Родриго, Кольдо Серра",2021,29 января 2022
https://kinobar.vip/25668-chernoe-solnce-1-sezon-1-12-seriya.html,Чёрное солнце 1 сезон 1-12 серия,"Сериалы, Боевики, Триллеры, Детектив, Азиатские сериалы",Ким Сон-ён,2021,27 января 2022
